{
    "iou_val": 0.233732545748353,
    "dice_score_val": 0.3073646239936352,
    "step": 789,
    "iou_test": 0.37322793280084926,
    "dice_score_test": 0.5189599816997846
}