{
    "iou_val": 0.5262135416269302,
    "dice_score_val": 0.6873893737792969,
    "step": 449,
    "iou_test": 0.3319915189806904,
    "dice_score_test": 0.46829097664781977
}