{
    "iou_val": 0.4482463151216507,
    "dice_score_val": 0.6041027009487152,
    "step": 299,
    "iou_test": 0.37883733425821575,
    "dice_score_test": 0.5016109091894967
}