{
    "iou_val": 0.15131848258897662,
    "dice_score_val": 0.22853427566587925,
    "step": 1184,
    "iou_test": 0.2143969051539898,
    "dice_score_test": 0.34410543988148373
}