{
    "iou_val": 0.13195370929315686,
    "dice_score_val": 0.19982720632106066,
    "step": 789,
    "iou_test": 0.17431336905186376,
    "dice_score_test": 0.2862582905218005
}