{
    "iou_val": 0.5149483680725098,
    "dice_score_val": 0.6739612966775894,
    "step": 299,
    "iou_test": 0.40763474787984577,
    "dice_score_test": 0.5280869943755013
}