{
    "iou_val": 0.5365602076053619,
    "dice_score_val": 0.6950799226760864,
    "step": 449,
    "iou_test": 0.3338081690349749,
    "dice_score_test": 0.4688549323805741
}