{
    "iou_val": 0.29822323098778725,
    "dice_score_val": 0.41417087987065315,
    "step": 449,
    "iou_test": 0.25178565829992294,
    "dice_score_test": 0.3632388157503946
}