{
    "iou_val": 0.16950685158371925,
    "dice_score_val": 0.2374193500727415,
    "step": 789,
    "iou_test": 0.23811613861471415,
    "dice_score_test": 0.36415071847538155
}