{
    "iou_val": 0.5289144068956375,
    "dice_score_val": 0.6857535094022751,
    "step": 599,
    "iou_test": 0.40941215412957327,
    "dice_score_test": 0.5295374180589404
}