{
    "iou_val": 0.14631927805021405,
    "dice_score_val": 0.21370048727840185,
    "step": 1184,
    "iou_test": 0.19012278380493322,
    "dice_score_test": 0.30950168954829377
}