{
    "iou_val": 0.5064241886138916,
    "dice_score_val": 0.668388158082962,
    "step": 449,
    "iou_test": 0.31638302135148216,
    "dice_score_test": 0.45178657716938425
}