{
    "iou_val": 0.5519246533513069,
    "dice_score_val": 0.7069018632173538,
    "step": 299,
    "iou_test": 0.39655433255913003,
    "dice_score_test": 0.5175144562630781
}