{
    "iou_val": 0.5512348935008049,
    "dice_score_val": 0.7045792192220688,
    "step": 299,
    "iou_test": 0.3986195524755333,
    "dice_score_test": 0.522074285428971
}