{
    "iou_val": 0.22953550517559052,
    "dice_score_val": 0.30536266416311264,
    "step": 789,
    "iou_test": 0.38091124097506207,
    "dice_score_test": 0.5259639794627825
}