{
    "iou_val": 0.20041472185403109,
    "dice_score_val": 0.28033288940787315,
    "step": 789,
    "iou_test": 0.3204323295503855,
    "dice_score_test": 0.46257065267612535
}